{
    "model_score": 24.023987704236294,
    "model_squarerror": 986.4122399626352
}